"Search Query", "URL"
"lil uzi vert", "https://soundcloud.com/search?q=lil%20uzi%20vert"
"kodak black", "https://soundcloud.com/search?q=kodak%20black"
"xxxtentacion", "https://soundcloud.com/search?q=xxxtentacion"
"mask off", "https://soundcloud.com/search?q=mask%20off"
"drake", "https://soundcloud.com/search?q=drake"
"future", "https://soundcloud.com/search?q=future"
"lil pump", "https://soundcloud.com/search?q=lil%20pump"
"migos", "https://soundcloud.com/search?q=migos"
"kendrick lamar", "https://soundcloud.com/search?q=kendrick%20lamar"
"playboi carti", "https://soundcloud.com/search?q=playboi%20carti"
"a boogie", "https://soundcloud.com/search?q=a%20boogie"
"xo tour life", "https://soundcloud.com/search?q=xo%20tour%20life"
"pnb rock", "https://soundcloud.com/search?q=pnb%20rock"
"lil yachty", "https://soundcloud.com/search?q=lil%20yachty"
"tunnel vision", "https://soundcloud.com/search?q=tunnel%20vision"
"21 savage", "https://soundcloud.com/search?q=21%20savage"
"humble kendrick lamar", "https://soundcloud.com/search?q=humble%20kendrick%20lamar"
"rolex", "https://soundcloud.com/search?q=rolex"
"chance the rapper", "https://soundcloud.com/search?q=chance%20the%20rapper"
"look at me", "https://soundcloud.com/search?q=look%20at%20me"
"bad bunny", "https://soundcloud.com/search?q=bad%20bunny"
"future mask off", "https://soundcloud.com/search?q=future%20mask%20off"
"ugly god", "https://soundcloud.com/search?q=ugly%20god"
"lil uzi", "https://soundcloud.com/search?q=lil%20uzi"
"humble", "https://soundcloud.com/search?q=humble"
"kevin gates", "https://soundcloud.com/search?q=kevin%20gates"
"travis scott", "https://soundcloud.com/search?q=travis%20scott"
"mask off future", "https://soundcloud.com/search?q=mask%20off%20future"
"young thug", "https://soundcloud.com/search?q=young%20thug"
"i spy", "https://soundcloud.com/search?q=i%20spy"
"logic", "https://soundcloud.com/search?q=logic"
"russ", "https://soundcloud.com/search?q=russ"
"swang", "https://soundcloud.com/search?q=swang"
"post malone", "https://soundcloud.com/search?q=post%20malone"
"chief keef", "https://soundcloud.com/search?q=chief%20keef"
"nav", "https://soundcloud.com/search?q=nav"
"kendrick lamar humble", "https://soundcloud.com/search?q=kendrick%20lamar%20humble"
"lud foe", "https://soundcloud.com/search?q=lud%20foe"
"famous dex", "https://soundcloud.com/search?q=famous%20dex"
"lil peep", "https://soundcloud.com/search?q=lil%20peep"
"j cole", "https://soundcloud.com/search?q=j%20cole"
"ozuna", "https://soundcloud.com/search?q=ozuna"
"xxxtentacion look at me", "https://soundcloud.com/search?q=xxxtentacion%20look%20at%20me"
"young dolph", "https://soundcloud.com/search?q=young%20dolph"
"chris brown", "https://soundcloud.com/search?q=chris%20brown"
"g herbo", "https://soundcloud.com/search?q=g%20herbo"
"suicide boys", "https://soundcloud.com/search?q=suicide%20boys"
"a boogie wit da hoodie", "https://soundcloud.com/search?q=a%20boogie%20wit%20da%20hoodie"
"drowning", "https://soundcloud.com/search?q=drowning"
"wiz khalifa", "https://soundcloud.com/search?q=wiz%20khalifa"
"shape of you", "https://soundcloud.com/search?q=shape%20of%20you"
"jacquees", "https://soundcloud.com/search?q=jacquees"
"bryson tiller", "https://soundcloud.com/search?q=bryson%20tiller"
"gucci mane", "https://soundcloud.com/search?q=gucci%20mane"
"lil wayne", "https://soundcloud.com/search?q=lil%20wayne"
"tee grizzley", "https://soundcloud.com/search?q=tee%20grizzley"
"congratulations", "https://soundcloud.com/search?q=congratulations"
"location", "https://soundcloud.com/search?q=location"
"the weeknd", "https://soundcloud.com/search?q=the%20weeknd"
"fetty wap", "https://soundcloud.com/search?q=fetty%20wap"
"tory lanez", "https://soundcloud.com/search?q=tory%20lanez"
"first day out", "https://soundcloud.com/search?q=first%20day%20out"
"goosebumps", "https://soundcloud.com/search?q=goosebumps"
"kodak", "https://soundcloud.com/search?q=kodak"
"eminem", "https://soundcloud.com/search?q=eminem"
"yfn lucci", "https://soundcloud.com/search?q=yfn%20lucci"
"lil durk", "https://soundcloud.com/search?q=lil%20durk"
"hip hopper", "https://soundcloud.com/search?q=hip%20hopper"
"despacito", "https://soundcloud.com/search?q=despacito"
"meek mill", "https://soundcloud.com/search?q=meek%20mill"
"frank ocean", "https://soundcloud.com/search?q=frank%20ocean"
"thats what i like", "https://soundcloud.com/search?q=thats%20what%20i%20like"
"joey badass", "https://soundcloud.com/search?q=joey%20badass"
"blac youngsta", "https://soundcloud.com/search?q=blac%20youngsta"
"bruno mars", "https://soundcloud.com/search?q=bruno%20mars"
"goosebumps travis scott", "https://soundcloud.com/search?q=goosebumps%20travis%20scott"
"nba youngboy", "https://soundcloud.com/search?q=nba%20youngboy"
"ski mask", "https://soundcloud.com/search?q=ski%20mask"
"marshmello", "https://soundcloud.com/search?q=marshmello"
"all my friends are dead", "https://soundcloud.com/search?q=all%20my%20friends%20are%20dead"
"montana of 300", "https://soundcloud.com/search?q=montana%20of%20300"
"ispy", "https://soundcloud.com/search?q=ispy"
"rolex ayo and teo", "https://soundcloud.com/search?q=rolex%20ayo%20and%20teo"
"ski mask the slump god", "https://soundcloud.com/search?q=ski%20mask%20the%20slump%20god"
"dej loaf", "https://soundcloud.com/search?q=dej%20loaf"
"anuel aa", "https://soundcloud.com/search?q=anuel%20aa"
"blackbear", "https://soundcloud.com/search?q=blackbear"
"rich the kid", "https://soundcloud.com/search?q=rich%20the%20kid"
"drake more life", "https://soundcloud.com/search?q=drake%20more%20life"
"beyonce", "https://soundcloud.com/search?q=beyonce"
"bad and boujee", "https://soundcloud.com/search?q=bad%20and%20boujee"
"nicki minaj", "https://soundcloud.com/search?q=nicki%20minaj"
"partynextdoor", "https://soundcloud.com/search?q=partynextdoor"
"bounce back", "https://soundcloud.com/search?q=bounce%20back"
"big sean", "https://soundcloud.com/search?q=big%20sean"
"khalid", "https://soundcloud.com/search?q=khalid"
"mozzy", "https://soundcloud.com/search?q=mozzy"
"lil fox", "https://soundcloud.com/search?q=lil%20fox"
"lucci", "https://soundcloud.com/search?q=lucci"
"xo tour lif3", "https://soundcloud.com/search?q=xo%20tour%20lif3"
"location khalid", "https://soundcloud.com/search?q=location%20khalid"
"yg", "https://soundcloud.com/search?q=yg"
"future draco", "https://soundcloud.com/search?q=future%20draco"
"woke up like this", "https://soundcloud.com/search?q=woke%20up%20like%20this"
"selfish", "https://soundcloud.com/search?q=selfish"
"kehlani", "https://soundcloud.com/search?q=kehlani"
"skateboard p", "https://soundcloud.com/search?q=skateboard%20p"
"smokepurpp", "https://soundcloud.com/search?q=smokepurpp"
"asap rocky", "https://soundcloud.com/search?q=asap%20rocky"
"moneybagg yo", "https://soundcloud.com/search?q=moneybagg%20yo"
"swang rae sremmurd", "https://soundcloud.com/search?q=swang%20rae%20sremmurd"
"portland drake", "https://soundcloud.com/search?q=portland%20drake"
"dave east", "https://soundcloud.com/search?q=dave%20east"
"drowning a boogie", "https://soundcloud.com/search?q=drowning%20a%20boogie"
"g eazy", "https://soundcloud.com/search?q=g%20eazy"
"ultra 2017", "https://soundcloud.com/search?q=ultra%202017"
"tunnel vision kodak", "https://soundcloud.com/search?q=tunnel%20vision%20kodak"
"childish gambino", "https://soundcloud.com/search?q=childish%20gambino"
"young pappy", "https://soundcloud.com/search?q=young%20pappy"
"rae sremmurd", "https://soundcloud.com/search?q=rae%20sremmurd"
"lil bibby", "https://soundcloud.com/search?q=lil%20bibby"
"flatbush zombies", "https://soundcloud.com/search?q=flatbush%20zombies"
"t shirt", "https://soundcloud.com/search?q=t%20shirt"
"gorillaz", "https://soundcloud.com/search?q=gorillaz"
"water", "https://soundcloud.com/search?q=water"
"trey songz", "https://soundcloud.com/search?q=trey%20songz"
"more life", "https://soundcloud.com/search?q=more%20life"
"gassed up", "https://soundcloud.com/search?q=gassed%20up"
"congratulations post malone", "https://soundcloud.com/search?q=congratulations%20post%20malone"
"slippery", "https://soundcloud.com/search?q=slippery"
"justin bieber", "https://soundcloud.com/search?q=justin%20bieber"
"chill bill", "https://soundcloud.com/search?q=chill%20bill"
"money man", "https://soundcloud.com/search?q=money%20man"
"look at me xxxtentacion", "https://soundcloud.com/search?q=look%20at%20me%20xxxtentacion"
"rick ross", "https://soundcloud.com/search?q=rick%20ross"
"pouya", "https://soundcloud.com/search?q=pouya"
"lil uzi vert xo tour life", "https://soundcloud.com/search?q=lil%20uzi%20vert%20xo%20tour%20life"
"bruno mars thats what i like", "https://soundcloud.com/search?q=bruno%20mars%20thats%20what%20i%20like"
"slide calvin harris", "https://soundcloud.com/search?q=slide%20calvin%20harris"
"no heart", "https://soundcloud.com/search?q=no%20heart"
"rich homie quan", "https://soundcloud.com/search?q=rich%20homie%20quan"
"party chris brown", "https://soundcloud.com/search?q=party%20chris%20brown"
"unforgettable french montana", "https://soundcloud.com/search?q=unforgettable%20french%20montana"
"take a step back", "https://soundcloud.com/search?q=take%20a%20step%20back"
"migos t shirt", "https://soundcloud.com/search?q=migos%20t%20shirt"
"rihanna", "https://soundcloud.com/search?q=rihanna"
"kyle", "https://soundcloud.com/search?q=kyle"
"caroline", "https://soundcloud.com/search?q=caroline"
"bones", "https://soundcloud.com/search?q=bones"
"passionfruit", "https://soundcloud.com/search?q=passionfruit"
"broccoli", "https://soundcloud.com/search?q=broccoli"
"banda ms", "https://soundcloud.com/search?q=banda%20ms"
"everyday we lit", "https://soundcloud.com/search?q=everyday%20we%20lit"
"romeo santos", "https://soundcloud.com/search?q=romeo%20santos"
"don q", "https://soundcloud.com/search?q=don%20q"
"ariana grande", "https://soundcloud.com/search?q=ariana%20grande"
"lil dicky", "https://soundcloud.com/search?q=lil%20dicky"
"mac miller", "https://soundcloud.com/search?q=mac%20miller"
"young ma", "https://soundcloud.com/search?q=young%20ma"
"kanye west", "https://soundcloud.com/search?q=kanye%20west"
"i spy kyle", "https://soundcloud.com/search?q=i%20spy%20kyle"
"there he go", "https://soundcloud.com/search?q=there%20he%20go"
"draco future", "https://soundcloud.com/search?q=draco%20future"
"fake love", "https://soundcloud.com/search?q=fake%20love"
"juju on that beat", "https://soundcloud.com/search?q=juju%20on%20that%20beat"
"slide", "https://soundcloud.com/search?q=slide"
"chainsmokers", "https://soundcloud.com/search?q=chainsmokers"
"playboicarti", "https://soundcloud.com/search?q=playboicarti"
"painting pictures", "https://soundcloud.com/search?q=painting%20pictures"
"too many years", "https://soundcloud.com/search?q=too%20many%20years"
"kendrick lamar damn", "https://soundcloud.com/search?q=kendrick%20lamar%20damn"
"kodak black painting pictures", "https://soundcloud.com/search?q=kodak%20black%20painting%20pictures"
"kodak black tunnel vision", "https://soundcloud.com/search?q=kodak%20black%20tunnel%20vision"
"ed sheeran", "https://soundcloud.com/search?q=ed%20sheeran"
"from the d to the a", "https://soundcloud.com/search?q=from%20the%20d%20to%20the%20a"
"issues", "https://soundcloud.com/search?q=issues"
"thats what i like bruno mars", "https://soundcloud.com/search?q=thats%20what%20i%20like%20bruno%20mars"
"redbone", "https://soundcloud.com/search?q=redbone"
"horses pnb rock", "https://soundcloud.com/search?q=horses%20pnb%20rock"
"sob x rbe", "https://soundcloud.com/search?q=sob%20x%20rbe"
"gucci on my", "https://soundcloud.com/search?q=gucci%20on%20my"
"twenty one pilots", "https://soundcloud.com/search?q=twenty%20one%20pilots"
"travis scott goosebumps", "https://soundcloud.com/search?q=travis%20scott%20goosebumps"
"damn kendrick lamar", "https://soundcloud.com/search?q=damn%20kendrick%20lamar"
"panda", "https://soundcloud.com/search?q=panda"
"desiigner", "https://soundcloud.com/search?q=desiigner"
"pull up with a stick", "https://soundcloud.com/search?q=pull%20up%20with%20a%20stick"
"tupac", "https://soundcloud.com/search?q=tupac"
"el fantasma", "https://soundcloud.com/search?q=el%20fantasma"
"peek a boo", "https://soundcloud.com/search?q=peek%20a%20boo"
"instrumental", "https://soundcloud.com/search?q=instrumental"
"portland", "https://soundcloud.com/search?q=portland"
"quavo", "https://soundcloud.com/search?q=quavo"
"tink", "https://soundcloud.com/search?q=tink"
"madeintyo", "https://soundcloud.com/search?q=madeintyo"
"damn", "https://soundcloud.com/search?q=damn"
"draco", "https://soundcloud.com/search?q=draco"
"panic at the disco", "https://soundcloud.com/search?q=panic%20at%20the%20disco"
"black beatles", "https://soundcloud.com/search?q=black%20beatles"
"tyler the creator", "https://soundcloud.com/search?q=tyler%20the%20creator"
"issues julia michaels", "https://soundcloud.com/search?q=issues%20julia%20michaels"
"both", "https://soundcloud.com/search?q=both"
"deep throat", "https://soundcloud.com/search?q=deep%20throat"
"xxx", "https://soundcloud.com/search?q=xxx"
"melanie martinez", "https://soundcloud.com/search?q=melanie%20martinez"
"russ losin control", "https://soundcloud.com/search?q=russ%20losin%20control"
"dna kendrick lamar", "https://soundcloud.com/search?q=dna%20kendrick%20lamar"
"6lack", "https://soundcloud.com/search?q=6lack"
"kid cudi", "https://soundcloud.com/search?q=kid%20cudi"
"lil boosie", "https://soundcloud.com/search?q=lil%20boosie"
"dna", "https://soundcloud.com/search?q=dna"
"flex like ouu", "https://soundcloud.com/search?q=flex%20like%20ouu"
"moana", "https://soundcloud.com/search?q=moana"
"despacito justin bieber", "https://soundcloud.com/search?q=despacito%20justin%20bieber"
"passionfruit drake", "https://soundcloud.com/search?q=passionfruit%20drake"
"logic everybody", "https://soundcloud.com/search?q=logic%20everybody"
"flume", "https://soundcloud.com/search?q=flume"
"skrillex", "https://soundcloud.com/search?q=skrillex"
"spm", "https://soundcloud.com/search?q=spm"
"horses", "https://soundcloud.com/search?q=horses"
"you belong to somebody else", "https://soundcloud.com/search?q=you%20belong%20to%20somebody%20else"
"uicideboy", "https://soundcloud.com/search?q=uicideboy"
"drake portland", "https://soundcloud.com/search?q=drake%20portland"
"anuel", "https://soundcloud.com/search?q=anuel"
"speaker knockerz", "https://soundcloud.com/search?q=speaker%20knockerz"
"kur", "https://soundcloud.com/search?q=kur"
"denzel curry", "https://soundcloud.com/search?q=denzel%20curry"
"xxxtentacion take a step back", "https://soundcloud.com/search?q=xxxtentacion%20take%20a%20step%20back"
"redbone childish gambino", "https://soundcloud.com/search?q=redbone%20childish%20gambino"
"good drank", "https://soundcloud.com/search?q=good%20drank"
"drake fake love", "https://soundcloud.com/search?q=drake%20fake%20love"
"50 cent", "https://soundcloud.com/search?q=50%20cent"
"sob", "https://soundcloud.com/search?q=sob"
"daddy yankee", "https://soundcloud.com/search?q=daddy%20yankee"
"everybody logic", "https://soundcloud.com/search?q=everybody%20logic"
"french montana", "https://soundcloud.com/search?q=french%20montana"
"king lil g", "https://soundcloud.com/search?q=king%20lil%20g"
"tyga", "https://soundcloud.com/search?q=tyga"
"i dont wanna do this anymore", "https://soundcloud.com/search?q=i%20dont%20wanna%20do%20this%20anymore"
"bob marley", "https://soundcloud.com/search?q=bob%20marley"
"alkaline", "https://soundcloud.com/search?q=alkaline"
"yo gotti", "https://soundcloud.com/search?q=yo%20gotti"
"rae sremmurd swang", "https://soundcloud.com/search?q=rae%20sremmurd%20swang"
"ricegum", "https://soundcloud.com/search?q=ricegum"
"2pac", "https://soundcloud.com/search?q=2pac"
"woke up", "https://soundcloud.com/search?q=woke%20up"
"losin control", "https://soundcloud.com/search?q=losin%20control"
"jhene aiko", "https://soundcloud.com/search?q=jhene%20aiko"
"t shirt migos", "https://soundcloud.com/search?q=t%20shirt%20migos"
"2 chainz", "https://soundcloud.com/search?q=2%20chainz"
"chris brown party", "https://soundcloud.com/search?q=chris%20brown%20party"
"cheif keef", "https://soundcloud.com/search?q=cheif%20keef"
"the weekend", "https://soundcloud.com/search?q=the%20weekend"
"marco antonio sol s", "https://soundcloud.com/search?q=marco%20antonio%20sol%20s"
"post malone congratulations", "https://soundcloud.com/search?q=post%20malone%20congratulations"
"jeremih", "https://soundcloud.com/search?q=jeremih"
"nicky jam", "https://soundcloud.com/search?q=nicky%20jam"
"jacquees dej loaf", "https://soundcloud.com/search?q=jacquees%20dej%20loaf"
"biking", "https://soundcloud.com/search?q=biking"
"farruko", "https://soundcloud.com/search?q=farruko"
"ultra music festival 2017", "https://soundcloud.com/search?q=ultra%20music%20festival%202017"
"humble kendrick", "https://soundcloud.com/search?q=humble%20kendrick"
"no frauds", "https://soundcloud.com/search?q=no%20frauds"
"odesza", "https://soundcloud.com/search?q=odesza"
"arcangel", "https://soundcloud.com/search?q=arcangel"
"bassnectar", "https://soundcloud.com/search?q=bassnectar"
"pnb", "https://soundcloud.com/search?q=pnb"
"playboi carti magnolia", "https://soundcloud.com/search?q=playboi%20carti%20magnolia"
"k camp", "https://soundcloud.com/search?q=k%20camp"
"schoolboy q", "https://soundcloud.com/search?q=schoolboy%20q"
"rockabye", "https://soundcloud.com/search?q=rockabye"
"aventura", "https://soundcloud.com/search?q=aventura"
"shy glizzy", "https://soundcloud.com/search?q=shy%20glizzy"
"playboi carti woke up", "https://soundcloud.com/search?q=playboi%20carti%20woke%20up"
"my shit", "https://soundcloud.com/search?q=my%20shit"
"push me to the edge", "https://soundcloud.com/search?q=push%20me%20to%20the%20edge"
"shape of you ed sheeran", "https://soundcloud.com/search?q=shape%20of%20you%20ed%20sheeran"
"usher", "https://soundcloud.com/search?q=usher"
"jungle", "https://soundcloud.com/search?q=jungle"
"say you wont let go", "https://soundcloud.com/search?q=say%20you%20wont%20let%20go"
"ispy lil yachty", "https://soundcloud.com/search?q=ispy%20lil%20yachty"
"cardi b", "https://soundcloud.com/search?q=cardi%20b"
"cash me outside", "https://soundcloud.com/search?q=cash%20me%20outside"
"still think about you", "https://soundcloud.com/search?q=still%20think%20about%20you"
"chief keef kills", "https://soundcloud.com/search?q=chief%20keef%20kills"
"free smoke", "https://soundcloud.com/search?q=free%20smoke"
"kendrick", "https://soundcloud.com/search?q=kendrick"
"moaning", "https://soundcloud.com/search?q=moaning"
"french montana unforgettable", "https://soundcloud.com/search?q=french%20montana%20unforgettable"
"chris brown privacy", "https://soundcloud.com/search?q=chris%20brown%20privacy"
"down marian hill", "https://soundcloud.com/search?q=down%20marian%20hill"
"stay", "https://soundcloud.com/search?q=stay"
"rap", "https://soundcloud.com/search?q=rap"
"get right witcha", "https://soundcloud.com/search?q=get%20right%20witcha"
"cartel de santa", "https://soundcloud.com/search?q=cartel%20de%20santa"
"mike sherm", "https://soundcloud.com/search?q=mike%20sherm"
"white iverson", "https://soundcloud.com/search?q=white%20iverson"
"starboy", "https://soundcloud.com/search?q=starboy"
"bitch ugly god", "https://soundcloud.com/search?q=bitch%20ugly%20god"
"mgk", "https://soundcloud.com/search?q=mgk"
"magnolia", "https://soundcloud.com/search?q=magnolia"
"no flockin", "https://soundcloud.com/search?q=no%20flockin"
"lud foe recuperate", "https://soundcloud.com/search?q=lud%20foe%20recuperate"
"fake love drake", "https://soundcloud.com/search?q=fake%20love%20drake"
"august alsina", "https://soundcloud.com/search?q=august%20alsina"
"los temerarios", "https://soundcloud.com/search?q=los%20temerarios"
"the heart part 4", "https://soundcloud.com/search?q=the%20heart%20part%204"
"ayo and teo", "https://soundcloud.com/search?q=ayo%20and%20teo"
"khalid location", "https://soundcloud.com/search?q=khalid%20location"
"go off", "https://soundcloud.com/search?q=go%20off"
"patty cake", "https://soundcloud.com/search?q=patty%20cake"
"adios amor", "https://soundcloud.com/search?q=adios%20amor"
"prince royce", "https://soundcloud.com/search?q=prince%20royce"
"party", "https://soundcloud.com/search?q=party"
"nova", "https://soundcloud.com/search?q=nova"
"ten toes down", "https://soundcloud.com/search?q=ten%20toes%20down"
"stay zedd", "https://soundcloud.com/search?q=stay%20zedd"
"black spiderman", "https://soundcloud.com/search?q=black%20spiderman"
"something just like this", "https://soundcloud.com/search?q=something%20just%20like%20this"
"trap nation", "https://soundcloud.com/search?q=trap%20nation"
"trill sammy", "https://soundcloud.com/search?q=trill%20sammy"
"nightcore", "https://soundcloud.com/search?q=nightcore"
"loaf [you belong to somebody 1. else", "https://soundcloud.com/search?q=else"
"kendrick lamar dna", "https://soundcloud.com/search?q=kendrick%20lamar%20dna"
"lil herb", "https://soundcloud.com/search?q=lil%20herb"
"getter", "https://soundcloud.com/search?q=getter"
"peekaboo lil yachty", "https://soundcloud.com/search?q=peekaboo%20lil%20yachty"
"ed sheeran shape of you", "https://soundcloud.com/search?q=ed%20sheeran%20shape%20of%20you"
"timeless", "https://soundcloud.com/search?q=timeless"
"it aint me", "https://soundcloud.com/search?q=it%20aint%20me"
"ty dolla sign", "https://soundcloud.com/search?q=ty%20dolla%20sign"
"21 savage no heart", "https://soundcloud.com/search?q=21%20savage%20no%20heart"
"love on the brain", "https://soundcloud.com/search?q=love%20on%20the%20brain"
"tech n9ne", "https://soundcloud.com/search?q=tech%20n9ne"
"47 remix", "https://soundcloud.com/search?q=47%20remix"
"dj snake", "https://soundcloud.com/search?q=dj%20snake"
"body like a back road", "https://soundcloud.com/search?q=body%20like%20a%20back%20road"
"kelly price", "https://soundcloud.com/search?q=kelly%20price"
"vybz kartel", "https://soundcloud.com/search?q=vybz%20kartel"
"pnb rock misunderstood", "https://soundcloud.com/search?q=pnb%20rock%20misunderstood"
"x", "https://soundcloud.com/search?q=x"
"bryant myers", "https://soundcloud.com/search?q=bryant%20myers"
"hopsin", "https://soundcloud.com/search?q=hopsin"
"ahora dice", "https://soundcloud.com/search?q=ahora%20dice"
"beibs in the trap", "https://soundcloud.com/search?q=beibs%20in%20the%20trap"
"maluma", "https://soundcloud.com/search?q=maluma"
"joey bada", "https://soundcloud.com/search?q=joey%20bada"
"pull up", "https://soundcloud.com/search?q=pull%20up"
"calibre 50", "https://soundcloud.com/search?q=calibre%2050"
"nba young boy", "https://soundcloud.com/search?q=nba%20young%20boy"
"germ", "https://soundcloud.com/search?q=germ"
"kygo", "https://soundcloud.com/search?q=kygo"
"boogie wit da hoodie", "https://soundcloud.com/search?q=boogie%20wit%20da%20hoodie"
"a boogie drowning", "https://soundcloud.com/search?q=a%20boogie%20drowning"
"kashdoll for everybody", "https://soundcloud.com/search?q=kashdoll%20for%20everybody"
"michael jackson", "https://soundcloud.com/search?q=michael%20jackson"
"akon", "https://soundcloud.com/search?q=akon"
"privacy chris brown", "https://soundcloud.com/search?q=privacy%20chris%20brown"
"martin garrix", "https://soundcloud.com/search?q=martin%20garrix"
"somo", "https://soundcloud.com/search?q=somo"
"wheres the blow", "https://soundcloud.com/search?q=wheres%20the%20blow"
"enrique iglesias", "https://soundcloud.com/search?q=enrique%20iglesias"
"first day out tee grizzley", "https://soundcloud.com/search?q=first%20day%20out%20tee%20grizzley"
"swalla", "https://soundcloud.com/search?q=swalla"
"bts", "https://soundcloud.com/search?q=bts"
"popcaan", "https://soundcloud.com/search?q=popcaan"
"biggie smalls", "https://soundcloud.com/search?q=biggie%20smalls"
"tee grizzley first day out", "https://soundcloud.com/search?q=tee%20grizzley%20first%20day%20out"
"trap", "https://soundcloud.com/search?q=trap"
"chalino sanchez", "https://soundcloud.com/search?q=chalino%20sanchez"
"fabolous", "https://soundcloud.com/search?q=fabolous"
"all time low", "https://soundcloud.com/search?q=all%20time%20low"
"closer", "https://soundcloud.com/search?q=closer"
"more life drake", "https://soundcloud.com/search?q=more%20life%20drake"
"water ugly god", "https://soundcloud.com/search?q=water%20ugly%20god"
"j balvin", "https://soundcloud.com/search?q=j%20balvin"
"futuristic", "https://soundcloud.com/search?q=futuristic"
"how you gonna", "https://soundcloud.com/search?q=how%20you%20gonna"
"drake passionfruit", "https://soundcloud.com/search?q=drake%20passionfruit"
"losing control russ", "https://soundcloud.com/search?q=losing%20control%20russ"
"molly brazy", "https://soundcloud.com/search?q=molly%20brazy"
"too much sauce", "https://soundcloud.com/search?q=too%20much%20sauce"
"i know", "https://soundcloud.com/search?q=i%20know"
"money showers", "https://soundcloud.com/search?q=money%20showers"
"kash doll", "https://soundcloud.com/search?q=kash%20doll"
"gyalchester", "https://soundcloud.com/search?q=gyalchester"
"d to the a", "https://soundcloud.com/search?q=d%20to%20the%20a"
"mask off instrumental", "https://soundcloud.com/search?q=mask%20off%20instrumental"
"down", "https://soundcloud.com/search?q=down"
"let me love you", "https://soundcloud.com/search?q=let%20me%20love%20you"
"alex aiono", "https://soundcloud.com/search?q=alex%20aiono"
"juicy j", "https://soundcloud.com/search?q=juicy%20j"
"into you", "https://soundcloud.com/search?q=into%20you"
"dubstep", "https://soundcloud.com/search?q=dubstep"
"fuck it up", "https://soundcloud.com/search?q=fuck%20it%20up"
"king of the dead", "https://soundcloud.com/search?q=king%20of%20the%20dead"
"xavier wulf", "https://soundcloud.com/search?q=xavier%20wulf"
"ariel camacho", "https://soundcloud.com/search?q=ariel%20camacho"
"sippinteainyohood", "https://soundcloud.com/search?q=sippinteainyohood"
"wintertime", "https://soundcloud.com/search?q=wintertime"
"both drake", "https://soundcloud.com/search?q=both%20drake"
"louis the child", "https://soundcloud.com/search?q=louis%20the%20child"
"wale", "https://soundcloud.com/search?q=wale"
"in my coupe", "https://soundcloud.com/search?q=in%20my%20coupe"
"illenium", "https://soundcloud.com/search?q=illenium"
"excision", "https://soundcloud.com/search?q=excision"
"nav myself", "https://soundcloud.com/search?q=nav%20myself"
"lil snupe", "https://soundcloud.com/search?q=lil%20snupe"
"frank ocean biking", "https://soundcloud.com/search?q=frank%20ocean%20biking"
"gang up", "https://soundcloud.com/search?q=gang%20up"
"chance", "https://soundcloud.com/search?q=chance"
"lana del rey", "https://soundcloud.com/search?q=lana%20del%20rey"
"love sosa", "https://soundcloud.com/search?q=love%20sosa"
"i didnt hit her", "https://soundcloud.com/search?q=i%20didnt%20hit%20her"
"or nah", "https://soundcloud.com/search?q=or%20nah"
"jon bellion", "https://soundcloud.com/search?q=jon%20bellion"
"cold maroon 5", "https://soundcloud.com/search?q=cold%20maroon%205"
"phora", "https://soundcloud.com/search?q=phora"
"dj telly tellz", "https://soundcloud.com/search?q=dj%20telly%20tellz"
"kmt", "https://soundcloud.com/search?q=kmt"
"eric bellinger", "https://soundcloud.com/search?q=eric%20bellinger"
"bachata", "https://soundcloud.com/search?q=bachata"
"wizkid", "https://soundcloud.com/search?q=wizkid"
"d rose", "https://soundcloud.com/search?q=d%20rose"
"deja vu", "https://soundcloud.com/search?q=deja%20vu"
"taylor swift", "https://soundcloud.com/search?q=taylor%20swift"
"lary over", "https://soundcloud.com/search?q=lary%20over"
"soy peor", "https://soundcloud.com/search?q=soy%20peor"
"goldlink", "https://soundcloud.com/search?q=goldlink"
"lil pete", "https://soundcloud.com/search?q=lil%20pete"
"armon and trey", "https://soundcloud.com/search?q=armon%20and%20trey"
"pnb rock horses", "https://soundcloud.com/search?q=pnb%20rock%20horses"
"selfish pnb rock", "https://soundcloud.com/search?q=selfish%20pnb%20rock"
"earl sweatshirt", "https://soundcloud.com/search?q=earl%20sweatshirt"
"freak hoe", "https://soundcloud.com/search?q=freak%20hoe"
"bad things", "https://soundcloud.com/search?q=bad%20things"
"lonely", "https://soundcloud.com/search?q=lonely"
"no effort", "https://soundcloud.com/search?q=no%20effort"
"paris", "https://soundcloud.com/search?q=paris"
"xo tour life lil uzi", "https://soundcloud.com/search?q=xo%20tour%20life%20lil%20uzi"
"one night", "https://soundcloud.com/search?q=one%20night"
"lil tracy", "https://soundcloud.com/search?q=lil%20tracy"
"moves", "https://soundcloud.com/search?q=moves"
"el alfa", "https://soundcloud.com/search?q=el%20alfa"
"lil yatchy", "https://soundcloud.com/search?q=lil%20yatchy"
"sydney renae", "https://soundcloud.com/search?q=sydney%20renae"
"the chainsmokers", "https://soundcloud.com/search?q=the%20chainsmokers"
"dej loaf jacquees", "https://soundcloud.com/search?q=dej%20loaf%20jacquees"
"pick up the phone", "https://soundcloud.com/search?q=pick%20up%20the%20phone"
"selfish future", "https://soundcloud.com/search?q=selfish%20future"
"thouxanbanfauni", "https://soundcloud.com/search?q=thouxanbanfauni"
"misunderstood", "https://soundcloud.com/search?q=misunderstood"
"ugly god bitch", "https://soundcloud.com/search?q=ugly%20god%20bitch"
"linkin park", "https://soundcloud.com/search?q=linkin%20park"
"slipknot", "https://soundcloud.com/search?q=slipknot"
"skrilla", "https://soundcloud.com/search?q=skrilla"
"ten toes down instrumental", "https://soundcloud.com/search?q=ten%20toes%20down%20instrumental"
"love dont change", "https://soundcloud.com/search?q=love%20dont%20change"
"toni romiti", "https://soundcloud.com/search?q=toni%20romiti"
"kodak black conscience", "https://soundcloud.com/search?q=kodak%20black%20conscience"
"rockabye baby", "https://soundcloud.com/search?q=rockabye%20baby"
"acid rap", "https://soundcloud.com/search?q=acid%20rap"
"lil", "https://soundcloud.com/search?q=lil"
"luke bryan", "https://soundcloud.com/search?q=luke%20bryan"
"rap god", "https://soundcloud.com/search?q=rap%20god"
"snoop dogg", "https://soundcloud.com/search?q=snoop%20dogg"
"migos cocoon", "https://soundcloud.com/search?q=migos%20cocoon"
"heathens", "https://soundcloud.com/search?q=heathens"
"nf", "https://soundcloud.com/search?q=nf"
"pnb rock questions", "https://soundcloud.com/search?q=pnb%20rock%20questions"
"mike stud", "https://soundcloud.com/search?q=mike%20stud"
"the night we met", "https://soundcloud.com/search?q=the%20night%20we%20met"
"biking frank ocean", "https://soundcloud.com/search?q=biking%20frank%20ocean"
"jay z", "https://soundcloud.com/search?q=jay%20z"
"jungle a boogie", "https://soundcloud.com/search?q=jungle%20a%20boogie"
"tchami", "https://soundcloud.com/search?q=tchami"
"ncs", "https://soundcloud.com/search?q=ncs"
"candy paint", "https://soundcloud.com/search?q=candy%20paint"
"beats", "https://soundcloud.com/search?q=beats"
"shining dj khaled", "https://soundcloud.com/search?q=shining%20dj%20khaled"
"drake free smoke", "https://soundcloud.com/search?q=drake%20free%20smoke"
"dj khaled", "https://soundcloud.com/search?q=dj%20khaled"
"kap g", "https://soundcloud.com/search?q=kap%20g"
"24k magic", "https://soundcloud.com/search?q=24k%20magic"
"frostydasnowmann", "https://soundcloud.com/search?q=frostydasnowmann"
"nghtmre", "https://soundcloud.com/search?q=nghtmre"
"lil durk better", "https://soundcloud.com/search?q=lil%20durk%20better"
"beat my meat", "https://soundcloud.com/search?q=beat%20my%20meat"
"calvin harris", "https://soundcloud.com/search?q=calvin%20harris"
"run up on me", "https://soundcloud.com/search?q=run%20up%20on%20me"
"marvins room", "https://soundcloud.com/search?q=marvins%20room"
"tee grizzley no effort", "https://soundcloud.com/search?q=tee%20grizzley%20no%20effort"
"rj", "https://soundcloud.com/search?q=rj"
"griz", "https://soundcloud.com/search?q=griz"
"erase your social", "https://soundcloud.com/search?q=erase%20your%20social"
"berner", "https://soundcloud.com/search?q=berner"
"switch up", "https://soundcloud.com/search?q=switch%20up"
"there she go", "https://soundcloud.com/search?q=there%20she%20go"
"brown paper bag", "https://soundcloud.com/search?q=brown%20paper%20bag"
"los tigres del norte", "https://soundcloud.com/search?q=los%20tigres%20del%20norte"
